<configuration>
    
  <conversionRule conversionWord="coloredLevel" converterClass="play.api.Logger$ColoredLevel" />
  
  <appender name="FILE" class="ch.qos.logback.core.FileAppender">
     <file>${application.home}/logs/application.log</file>
     <encoder>
       <pattern>%date - [%level] - from %logger in %thread %n%message%n%xException%n</pattern>
     </encoder>
   </appender>
  
  <logger name="play" level="INFO" />
  <logger name="application" level="INFO" />

  <root level="ERROR">
    <appender-ref ref="FILE" />
  </root>
  
</configuration>
